[
  {
    "id": "1756830845673",
    "nome": "Camisa corinthians retro 2000",
    "preco": 249.99,
    "descricao": "Camisa do icônico Corinthians de 2000",
    "categoria": "Roupas",
    "imagem": "https://static.netshoes.com.br/produtos/camisa-corinthians-retro-mundial-2000-batavo-masculina/06/R2D-0889-006/R2D-0889-006_zoom1.jpg?ts=1720625216",
    "createdAt": "2025-09-02T16:34:05.673Z",
    "updatedAt": "2025-09-02T16:34:19.556Z"
  },
  {
    "id": "1756830931297",
    "nome": "Terceira camisa corinthians 2010",
    "preco": 175,
    "descricao": "Terceira camisa de 2010 do Corinthians",
    "categoria": "Roupas",
    "imagem": "https://http2.mlstatic.com/D_NQ_NP_670868-MLB82800691356_032025-O.webp",
    "createdAt": "2025-09-02T16:35:31.297Z",
    "updatedAt": "2025-09-02T16:37:03.911Z"
  },
  {
    "id": "1756831002568",
    "nome": "Terceira camisa corinthians 2012",
    "preco": 226,
    "descricao": "Terceira Camisa do corinthians de 2012",
    "categoria": "Roupas",
    "imagem": "https://acdn-us.mitiendanube.com/stores/003/491/013/products/camisa-retro-corinthians-iii-torcedor-sao-jorge-1112-vermelhopretobranco-3-772be6b13fe1803da917415262947522-1024-1024.webp",
    "createdAt": "2025-09-02T16:36:42.568Z",
    "updatedAt": "2025-09-02T16:37:24.623Z"
  },
  {
    "id": "1756831161845",
    "nome": "Chuteiras De Futebol De Cano Baixo FG Nike Phantom Gx Elite Se - Roxo",
    "preco": 529.99,
    "descricao": "Chuteira de campo para pronta entrega!",
    "categoria": "Esportes",
    "imagem": "https://acdn-us.mitiendanube.com/stores/001/653/854/products/638d62e9-aa89516b11b7f6f9ac17007926515608-1024-1024.jpg",
    "createdAt": "2025-09-02T16:39:21.845Z",
    "updatedAt": "2025-09-02T16:39:21.845Z"
  },
  {
    "id": "1756831403471",
    "nome": "Chuteira Campo Adidas Predator 25 Elite Com Lingua SG Trava Mista Goal – VENI Futebol",
    "preco": 500,
    "descricao": "PRODUZIDA PARA CRAQUES FLUTUAREM EM GRAMADOS MOLHADOS, Crie jogadas mágicas e mostre toda a sua habilidade dentro das quatro linhas com a Chuteira",
    "categoria": "Esportes",
    "imagem": "https://venifutebol.com.br/cdn/shop/files/ChuteiraCampoAdidasPredator25EliteSGTravaMistaPureVictoryPack3_medium.png?v=1752516760",
    "createdAt": "2025-09-02T16:43:23.471Z",
    "updatedAt": "2025-09-02T16:43:52.135Z"
  },
  {
    "id": "1756831546080",
    "nome": "Tênis de Futsal Nike Tiempo Legend 9 Pro Branco",
    "preco": 419.99,
    "descricao": "",
    "categoria": "Esportes",
    "imagem": "https://sportset.com.br/wp-content/uploads/2022/09/0aeb029ba0153ceba7ce0986d8727fb0.jpeg",
    "createdAt": "2025-09-02T16:45:46.080Z",
    "updatedAt": "2025-09-02T16:45:46.080Z"
  },
  {
    "id": "1756831613956",
    "nome": "Sherlock Holmes - Um Estudo em Vermelho",
    "preco": 18.04,
    "descricao": "Compre online Sherlock Holmes - Um Estudo em Vermelho, de Conan Doyle, Arthur",
    "categoria": "Livros",
    "imagem": "https://m.media-amazon.com/images/I/61GFsO7j0ZL._UF1000,1000_QL80_.jpg",
    "createdAt": "2025-09-02T16:46:53.956Z",
    "updatedAt": "2025-09-02T16:46:53.956Z"
  },
  {
    "id": "1756831662555",
    "nome": "Coleção Especial 3 Livros - Harry Potter",
    "preco": 148.99,
    "descricao": "Coleção Especial 3 Livros:, Harry Potter e a pedra filosofal: Harry Potter é um garoto cujos pais, feiticeiros, foram assassinados por um ...",
    "categoria": "Livros",
    "imagem": "https://livrariascuritiba.vteximg.com.br/arquivos/ids/2024184-1000-1000/Kit_HarryPotter01_LV417866_LV417868_LV417869.jpg?v=637859026246230000",
    "createdAt": "2025-09-02T16:47:42.555Z",
    "updatedAt": "2025-09-02T16:47:42.555Z"
  },
  {
    "id": "1756831804420",
    "nome": "It: A coisa",
    "preco": 104.99,
    "descricao": "Compre online It: A coisa, de King, Stephen, Winarski, Regiane",
    "categoria": "Livros",
    "imagem": "https://m.media-amazon.com/images/I/91g9Dvtf+jL.jpg",
    "createdAt": "2025-09-02T16:50:04.420Z",
    "updatedAt": "2025-09-02T16:50:04.420Z"
  }
]